{"cameraMode":{"drawMode":0,"name":"Shaded","section":"Shading Mode"},"sceneLighting":true,"audioPlay":false,"sceneViewState":{"showFog":true,"showMaterialUpdate":false,"showSkybox":true,"showFlares":true,"showImageEffects":true,"showParticleSystems":true},"in2DMode":false,"pivot":{"x":3.3238978385925295,"y":0.7423089146614075,"z":0.2510374188423157},"rotation":{"x":0.059589922428131106,"y":0.7475582957267761,"z":-0.06769585609436035,"w":0.6580451130867004},"size":5.412147521972656,"orthographic":false}