{"cameraMode":{"drawMode":0,"name":"Shaded","section":"Shading Mode"},"sceneLighting":true,"audioPlay":false,"sceneViewState":{"showFog":true,"showMaterialUpdate":false,"showSkybox":true,"showFlares":true,"showImageEffects":true,"showParticleSystems":true},"in2DMode":false,"pivot":{"x":1.281999945640564,"y":1.0479999780654908,"z":-3.0409998893737795},"rotation":{"x":0.008851510472595692,"y":-0.9769695401191711,"z":0.20915110409259797,"w":0.04134681448340416},"size":1.046945333480835,"orthographic":false}