{"cameraMode":{"drawMode":0,"name":"Shaded","section":"Shading Mode"},"sceneLighting":true,"audioPlay":false,"sceneViewState":{"showFog":true,"showMaterialUpdate":false,"showSkybox":true,"showFlares":true,"showImageEffects":true,"showParticleSystems":true},"in2DMode":false,"pivot":{"x":0.4811692237854004,"y":-0.12963271141052247,"z":-3.0242042541503908},"rotation":{"x":-0.0848776251077652,"y":0.8522847890853882,"z":-0.14613355696201325,"w":-0.4950263202190399},"size":9.769652366638184,"orthographic":false}