{"cameraMode":{"drawMode":0,"name":"Shaded","section":"Shading Mode"},"sceneLighting":false,"audioPlay":false,"sceneViewState":{"showFog":true,"showMaterialUpdate":false,"showSkybox":false,"showFlares":true,"showImageEffects":true,"showParticleSystems":true},"in2DMode":false,"pivot":{"x":2.183872938156128,"y":0.964548647403717,"z":0.5412003993988037},"rotation":{"x":0.004958120174705982,"y":-0.9669468998908997,"z":-0.01885787583887577,"w":-0.2542303204536438},"size":4.3431572914123539,"orthographic":false}