{"cameraMode":{"drawMode":0,"name":"Shaded","section":"Shading Mode"},"sceneLighting":false,"audioPlay":false,"sceneViewState":{"showFog":true,"showMaterialUpdate":false,"showSkybox":false,"showFlares":true,"showImageEffects":true,"showParticleSystems":true},"in2DMode":false,"pivot":{"x":2.8554201126098635,"y":0.6761505603790283,"z":-0.3663508892059326},"rotation":{"x":0.005689621437340975,"y":-0.9562990665435791,"z":-0.01865021325647831,"w":-0.2917383313179016},"size":4.231550216674805,"orthographic":false}