{"cameraMode":{"drawMode":0,"name":"Shaded","section":"Shading Mode"},"sceneLighting":false,"audioPlay":false,"sceneViewState":{"showFog":true,"showMaterialUpdate":false,"showSkybox":false,"showFlares":true,"showImageEffects":true,"showParticleSystems":true},"in2DMode":false,"pivot":{"x":1.0870000123977662,"y":1.8070000410079957,"z":-3.440999984741211},"rotation":{"x":0.002596496371552348,"y":0.9973989725112915,"z":0.05241161584854126,"w":-0.04941162094473839},"size":1.1667556762695313,"orthographic":false}