{"cameraMode":{"drawMode":0,"name":"Shaded","section":"Shading Mode"},"sceneLighting":false,"audioPlay":false,"sceneViewState":{"showFog":true,"showMaterialUpdate":false,"showSkybox":false,"showFlares":true,"showImageEffects":true,"showParticleSystems":true},"in2DMode":false,"pivot":{"x":-0.5550000071525574,"y":0.9159998893737793,"z":-3.0460000038146974},"rotation":{"x":-0.0017335002776235343,"y":-0.9904146790504456,"z":0.13755153119564057,"w":-0.012481700628995896},"size":0.9626728296279907,"orthographic":false}