{"cameraMode":{"drawMode":0,"name":"Shaded","section":"Shading Mode"},"sceneLighting":true,"audioPlay":false,"sceneViewState":{"showFog":true,"showMaterialUpdate":false,"showSkybox":true,"showFlares":true,"showImageEffects":true,"showParticleSystems":true},"in2DMode":false,"pivot":{"x":-1.2620540857315064,"y":0.9032710790634155,"z":-5.305917739868164},"rotation":{"x":-0.0009066534112207592,"y":-0.9973307847976685,"z":0.07193218916654587,"w":-0.012568743899464608},"size":1.189650535583496,"orthographic":false}