{"cameraMode":{"drawMode":0,"name":"Shaded","section":"Shading Mode"},"sceneLighting":false,"audioPlay":false,"sceneViewState":{"showFog":true,"showMaterialUpdate":false,"showSkybox":false,"showFlares":true,"showImageEffects":true,"showParticleSystems":true},"in2DMode":false,"pivot":{"x":-1.2659001350402833,"y":1.0448448657989503,"z":-3.1549999713897707},"rotation":{"x":-0.014143371023237706,"y":0.9829326272010803,"z":-0.08573155850172043,"w":-0.16215704381465913},"size":0.7992109060287476,"orthographic":false}