{"cameraMode":{"drawMode":0,"name":"Shaded","section":"Shading Mode"},"sceneLighting":false,"audioPlay":false,"sceneViewState":{"showFog":true,"showMaterialUpdate":false,"showSkybox":false,"showFlares":true,"showImageEffects":true,"showParticleSystems":true},"in2DMode":false,"pivot":{"x":6.2531633377075199,"y":2.023282051086426,"z":-2.121812343597412},"rotation":{"x":-0.012200739234685898,"y":-0.8989195227622986,"z":0.025084801018238069,"w":-0.4372292757034302},"size":10.570451736450196,"orthographic":false}