{"cameraMode":{"drawMode":0,"name":"Shaded","section":"Shading Mode"},"sceneLighting":false,"audioPlay":false,"sceneViewState":{"showFog":true,"showMaterialUpdate":false,"showSkybox":false,"showFlares":true,"showImageEffects":true,"showParticleSystems":true},"in2DMode":false,"pivot":{"x":0.7843525409698486,"y":1.6414427757263184,"z":0.49566078186035159},"rotation":{"x":-0.00930299423635006,"y":-0.9832890033721924,"z":0.05255580320954323,"w":-0.17406077682971955},"size":9.188122749328614,"orthographic":false}