{"cameraMode":{"drawMode":0,"name":"Shaded","section":"Shading Mode"},"sceneLighting":false,"audioPlay":false,"sceneViewState":{"showFog":true,"showMaterialUpdate":false,"showSkybox":false,"showFlares":true,"showImageEffects":true,"showParticleSystems":true},"in2DMode":false,"pivot":{"x":-0.5370000004768372,"y":0.9225775003433228,"z":-3.0290000438690187},"rotation":{"x":-0.009534565731883049,"y":0.9779508709907532,"z":-0.04581091180443764,"w":-0.20353946089744569},"size":1.047813892364502,"orthographic":false}