{"cameraMode":{"drawMode":0,"name":"Shaded","section":"Shading Mode"},"sceneLighting":false,"audioPlay":false,"sceneViewState":{"showFog":true,"showMaterialUpdate":false,"showSkybox":false,"showFlares":true,"showImageEffects":true,"showParticleSystems":true},"in2DMode":false,"pivot":{"x":0.8849999904632568,"y":1.8070000410079957,"z":-3.433000087738037},"rotation":{"x":-0.0007955371984280646,"y":0.9980984330177307,"z":-0.06026794761419296,"w":-0.013174748979508877},"size":1.1672409772872925,"orthographic":false}