{"cameraMode":{"drawMode":0,"name":"Shaded","section":"Shading Mode"},"sceneLighting":false,"audioPlay":false,"sceneViewState":{"showFog":true,"showMaterialUpdate":false,"showSkybox":false,"showFlares":true,"showImageEffects":true,"showParticleSystems":true},"in2DMode":false,"pivot":{"x":-0.3160000145435333,"y":0.9210000038146973,"z":-2.7923998832702638},"rotation":{"x":-0.00009779831452760845,"y":0.9967005252838135,"z":-0.08122024685144425,"w":-0.0011952429777011276},"size":6.778492450714111,"orthographic":false}