{"cameraMode":{"drawMode":0,"name":"Shaded","section":"Shading Mode"},"sceneLighting":true,"audioPlay":false,"sceneViewState":{"showFog":true,"showMaterialUpdate":false,"showSkybox":true,"showFlares":true,"showImageEffects":true,"showParticleSystems":true},"in2DMode":false,"pivot":{"x":0.49033933877944949,"y":0.9404973387718201,"z":-3.84529709815979},"rotation":{"x":0.00002174037399527151,"y":0.9973870515823364,"z":-0.07224662601947785,"w":0.00030021124985069036},"size":4.020729064941406,"orthographic":false}