{"cameraMode":{"drawMode":0,"name":"Shaded","section":"Shading Mode"},"sceneLighting":true,"audioPlay":false,"sceneViewState":{"showFog":true,"showMaterialUpdate":false,"showSkybox":true,"showFlares":true,"showImageEffects":true,"showParticleSystems":true},"in2DMode":false,"pivot":{"x":0.0837157666683197,"y":1.0403308868408204,"z":-2.446744918823242},"rotation":{"x":0.006897171959280968,"y":0.9929665327072144,"z":-0.09142099320888519,"w":0.07491286098957062},"size":2.4546613693237306,"orthographic":false}